RefNum,age,job,marital,education,housing,loan,contact,day,month,duration,deposit,balance
10023467,58,management,married,tertiary,yes,no,,14,may,261,12952.8,385740
10023468,44,technician,single,secondary,yes,no,,12,june,151,396,5220
10023469,33,entrepreneur,married,secondary,yes,yes,,1,july,76,2851.2,360
10023470,47,blue-collar,married,?,yes,no,,6,august,92,2016,271080
10023471,33,,single,?,no,no,,28,september,198,790.2,180
10023472,35,management,married,tertiary,yes,no,,16,october,139,16696.8,41580
10023473,28,management,single,tertiary,yes,yes,,17,november,217,1553.4,80460
10023474,42,entrepreneur,divorced,tertiary,yes,no,,20,december,380,808.2,kk
10023475,58,retired,married,primary,yes,no,,12,january,50,13919.4,21780
10023476,43,technician,single,secondary,yes,no,,2,february,55,20791.8,106740
10023477,41,admin.,divorced,secondary,yes,no,,7,march,222,16860.6,48600
10023478,29,admin.,single,secondary,yes,no,,14,april,137,2512.8,70200
10023479,,technician,married,secondary,yes,no,,10,may,517,1072.8,1080
10023480,58,technician,married,,yes,no,,30,june,71,5572.8,12780
10023481,57,services,married,secondary,yes,no,,21,july,174,10008,29160
10023482,51,retired,married,primary,yes,no,,24,august,353,2835,41220
10023483,45,admin.,single,,yes,no,,3,september,98,1351.8,2340
10023484,57,blue-collar,married,primary,yes,no,,9,october,38,2901.6,9360
10023485,60,retired,married,primary,yes,no,,20,november,219,0,10800
10023486,33,services,married,secondary,yes,no,,23,december,54,0,0
10023487,28,blue-collar,married,secondary,yes,yes,,20,january,262,38995.2,130140
10023488,56,management,married,tertiary,yes,no,,18,february,164,6955.2,140220
10023489,32,blue-collar,single,primary,yes,yes,,9,march,160,1762.2,4140
10023490,25,services,married,secondary,yes,no,,30,april,342,0,9000
10023491,40,retired,married,primary,yes,yes,,5,may,181,0,0
10023492,44,admin.,married,secondary,yes,no,,1,june,172,0,bb
10023493,39,management,single,tertiary,yes,no,,23,july,296,8820,45900
10023494,52,entrepreneur,married,secondary,yes,yes,,18,august,127,0,20340
10023495,46,management,single,secondary,yes,no,,4,september,255,0,-44280
10023496,36,technician,single,secondary,yes,yes,,12,october,348,24501.6,47700
10023497,57,technician,married,secondary,no,yes,,15,november,225,29262.6,151020
10023498,49,management,married,tertiary,yes,no,,15,december,230,6309,68040
10023499,60,admin.,married,secondary,yes,yes,,28,january,208,0,7020
10023500,59,blue-collar,married,secondary,yes,no,,24,february,226,0,0
10023501,51,management,married,tertiary,yes,no,,10,march,336,42532.2,1914300
10023502,57,technician,divorced,secondary,yes,no,,10,april,242,0,11340
10023503,25,blue-collar,married,secondary,yes,no,,5,may,365,0,-1260
10023504,53,technician,married,secondary,no,no,,10,june,1666,0,-540
10023505,36,admin.,divorced,secondary,yes,,,7,july,577,0,91080
10023506,37,admin.,single,secondary,yes,no,,9,august,137,0,0
10023507,44,services,divorced,secondary,yes,no,,7,september,160,18496.8,465480
10023508,50,management,married,secondary,yes,no,,29,october,180,3709.8,8820
10023509,60,blue-collar,married,,yes,no,,16,november,22,12187.8,18720
10023510,54,retired,married,secondary,yes,no,,3,december,1492,11709,95220
10023511,58,retired,married,,yes,no,,16,january,616,0,17280
10023512,36,admin.,single,primary,yes,no,,16,february,242,0,-30780
10023513,58,self-employed,married,tertiary,yes,no,,22,march,355,0,-65520
10023514,44,technician,married,secondary,yes,no,,13,april,225,0,0
10023515,55,technician,divorced,secondary,no,no,,8,may,160,0,0
10023516,29,management,single,tertiary,yes,no,,21,june,363,0,0
10023517,54,blue-collar,married,secondary,yes,no,,27,july,266,0,232380
10023518,48,management,divorced,tertiary,yes,no,,15,august,253,0,-43920
10023519,32,management,married,tertiary,yes,no,,18,september,179,0,0
10023520,42,admin.,single,secondary,yes,no,,16,october,787,0,cc
10023521,24,technician,single,secondary,yes,yes,,21,november,145,0,-18540
10023522,38,entrepreneur,single,tertiary,no,yes,,25,december,174,16678.8,43740
10023523,38,management,single,tertiary,yes,no,,6,january,104,18716.4,76320
10023524,47,blue-collar,married,,yes,no,,17,february,13,4453.2,55080
10023525,40,blue-collar,single,,yes,no,,17,march,185,3405.6,4320
10023526,46,services,married,primary,yes,no,,30,april,1778,0,32220
10023527,32,admin.,married,tertiary,yes,no,,15,may,138,0,0
10023528,53,technician,divorced,secondary,yes,no,,3,june,812,25785,178020
10023529,57,blue-collar,married,primary,yes,no,,12,july,164,23045.4,44820
10023530,33,services,married,secondary,yes,no,,21,august,391,18124.2,142200
10023531,49,blue-collar,married,,yes,no,,21,september,357,52108.2,27720
10023532,51,management,married,tertiary,yes,no,,13,october,91,41988.6,1175400
10023533,60,retired,married,tertiary,no,no,,1,november,528,3990.6,18000
10023534,59,management,divorced,tertiary,yes,no,,9,december,273,13854.6,10620
10023535,55,technician,married,secondary,yes,no,,16,january,158,199418.4,216900
10023536,35,blue-collar,single,secondary,yes,yes,,26,february,177,442569.6,2200140
10023537,57,blue-collar,married,secondary,yes,yes,,4,march,258,20016,1068300
10023538,31,services,married,secondary,yes,yes,,4,april,172,4363.2,4500
10023539,54,management,married,secondary,yes,yes,,22,may,154,4185,50760
10023540,55,blue-collar,married,primary,yes,no,,20,june,291,10967.4,4140
10023541,43,technician,married,secondary,yes,no,,20,july,181,44814.6,348660
10023542,53,technician,married,secondary,yes,no,,8,august,176,24564.6,69120
10023543,44,blue-collar,married,secondary,no,yes,,10,september,211,11957.4,104760
10023544,55,services,divorced,secondary,no,,,25,october,349,0,16380
10023545,49,services,divorced,secondary,yes,yes,,21,november,272,0,0
10023546,55,services,divorced,secondary,yes,no,,30,december,208,745.2,180
10023547,45,admin.,single,secondary,yes,no,,23,january,193,9550.8,37080
10023548,47,services,divorced,secondary,no,no,,8,february,212,17479.8,29520
10023549,42,technician,single,secondary,yes,no,,24,march,20,66069,124200
10023550,59,admin.,married,secondary,yes,no,,16,april,1042,29439,421740
10023551,46,self-employed,married,tertiary,yes,yes,,25,may,246,7999.2,24660
10023552,51,blue-collar,married,primary,yes,no,,6,june,529,4584.6,31140
10023553,56,admin.,married,secondary,no,no,,26,july,1467,12421.8,aa
10023554,41,technician,married,secondary,yes,no,,16,august,1389,7407,228600
10023555,46,management,divorced,secondary,yes,yes,,21,september,188,4582.8,2880
10023556,57,retired,married,secondary,yes,no,,14,october,180,8100,87480
10023557,42,management,single,secondary,no,no,,26,november,48,4530.6,9000
10023558,30,technician,married,secondary,yes,yes,,5,december,213,10909.8,27360
10023559,60,admin.,married,secondary,yes,no,,18,january,583,6501.6,52200
10023560,60,blue-collar,married,,yes,no,,18,february,221,0,9720
10023561,57,entrepreneur,divorced,secondary,no,no,,29,march,173,0,-6660
10023562,36,management,married,tertiary,yes,yes,,12,april,426,10220.4,18180
10023563,55,blue-collar,married,secondary,no,no,,20,may,287,9153,68940
10023564,60,retired,married,tertiary,yes,no,,25,june,101,0,14580
10023565,39,technician,married,secondary,yes,no,,9,july,203,0,0
10023566,46,management,married,tertiary,yes,no,,5,august,197,0,41220
10023567,44,blue-collar,married,secondary,yes,no,,8,september,257,0,-121320
10023568,53,blue-collar,married,primary,no,no,,24,october,124,5576.4,16200
10023569,52,blue-collar,married,primary,yes,no,,28,november,229,7866,23040
10023570,59,blue-collar,married,primary,yes,no,,28,december,55,0,32220
10023571,27,technician,single,tertiary,yes,no,,24,january,400,0,0
10023572,44,blue-collar,married,secondary,yes,no,,6,february,197,4692.6,9720
10023573,47,technician,married,tertiary,yes,no,,23,march,190,4987.8,27180
10023574,34,admin.,married,secondary,no,yes,,29,april,21,2223,10980
10023575,59,retired,single,secondary,yes,no,,28,may,514,6508.8,5400
10023576,45,management,married,tertiary,yes,no,,29,june,849,6616.8,94140
10023577,29,services,divorced,secondary,yes,no,,25,july,194,2572.2,5580
10023578,46,technician,divorced,secondary,no,no,,12,august,144,0,14220
10023579,56,self-employed,married,primary,yes,yes,,2,september,212,0,-6120
10023580,36,blue-collar,married,primary,yes,no,,2,october,286,9898.2,80640
10023581,59,retired,divorced,primary,yes,no,,12,november,107,5612.4,14580
10023582,44,blue-collar,married,secondary,yes,no,,12,december,247,11682,25920
10023583,41,admin.,married,secondary,yes,no,,14,january,518,0,63180
10023584,33,management,single,tertiary,yes,no,,14,february,364,0,-12060
10023585,59,management,divorced,tertiary,no,no,,24,march,178,0,47160
10023586,57,technician,married,primary,no,no,,10,april,98,0,0
10023587,56,technician,divorced,,yes,no,,21,may,439,1983.6,10080
10023588,51,blue-collar,married,secondary,yes,no,,12,june,79,459,4680
10023589,34,admin.,married,,yes,no,,24,july,120,576,540
10023590,43,services,married,secondary,yes,yes,,22,august,127,880.2,7380
10023591,52,technician,married,tertiary,no,yes,,25,september,175,1409.4,1260
10023592,33,technician,single,secondary,yes,no,,23,october,262,15228,18900
10023593,29,admin.,single,secondary,yes,yes,,6,november,61,0,147240
10023594,34,services,married,secondary,yes,yes,,27,december,78,0,-2880
10023595,31,blue-collar,married,secondary,yes,no,,23,january,143,0,0
10023596,,services,married,secondary,yes,no,,5,february,579,89004.6,445680
10023597,55,management,married,,no,no,,11,march,677,26350.2,213300
10023598,32,admin.,single,secondary,yes,no,,14,april,345,31420.8,39060
10023599,38,technician,single,secondary,yes,no,,11,may,185,60404.4,303300
10023600,55,admin.,single,secondary,yes,yes,,9,june,100,0,144360
10023601,28,unemployed,single,tertiary,yes,no,,26,july,125,0,0
10023602,23,blue-collar,married,secondary,yes,no,,6,august,193,0,16920
10023603,32,technician,single,secondary,yes,no,,15,september,136,0,0
10023604,43,services,single,,no,no,,16,october,73,0,0
10023605,32,blue-collar,married,secondary,yes,no,,1,november,528,19233,93060
10023606,46,blue-collar,married,secondary,yes,no,,13,december,541,26029.8,47700
10023607,53,housemaid,divorced,primary,yes,no,,17,january,163,2770.2,170460
10023608,34,self-employed,single,secondary,yes,no,,18,february,301,583.2,540
10023609,57,unemployed,married,tertiary,no,no,,21,march,46,2048.4,7560
10023610,37,blue-collar,married,secondary,yes,no,,25,april,204,2386.8,6660
10023611,59,blue-collar,married,secondary,yes,no,,16,may,98,1839.6,10260
10023612,33,services,married,secondary,yes,no,,11,june,71,689.4,3960
10023613,56,blue-collar,divorced,primary,yes,no,,22,july,157,2516.4,1440
10023614,48,unemployed,married,secondary,yes,no,,15,august,243,1540.8,52740
10023615,43,services,married,primary,yes,no,,30,september,186,1679.4,540
10023616,54,blue-collar,married,primary,yes,no,,27,october,579,0,62640
10023617,51,blue-collar,married,,yes,no,,26,november,163,0,-3420
10023618,26,student,single,secondary,yes,no,,24,december,610,0,0
10023619,40,management,married,tertiary,yes,no,,29,january,2033,0,-720
10023620,39,management,married,secondary,yes,no,,10,february,85,2599.2,3240
10023621,50,technician,married,primary,no,no,,11,march,114,0,25020
10023622,41,services,married,secondary,yes,,,29,april,114,0,0
10023623,51,blue-collar,married,,yes,no,,3,may,57,33138,338940
10023624,60,retired,divorced,secondary,yes,no,,11,june,238,21355.2,38880
10023625,52,blue-collar,married,secondary,yes,no,,11,july,93,43689.6,140760
10023626,48,blue-collar,married,secondary,yes,no,,20,august,128,64510.2,162720
10023627,48,services,married,,yes,no,,16,september,107,14709.6,306900
10023628,39,technician,single,tertiary,yes,no,,19,october,181,4726.8,8460
10023629,47,services,single,secondary,yes,no,,12,november,303,24127.2,31680
10023630,40,blue-collar,married,secondary,yes,no,,16,december,558,16866,220500
10023631,45,technician,married,secondary,yes,no,,12,january,270,4363.2,15480
10023632,26,admin.,single,secondary,yes,no,,28,february,228,7745.4,14760
10023633,52,management,married,tertiary,yes,no,,11,march,99,31753.8,48780
10023634,54,technician,married,secondary,yes,no,,9,april,240,26164.8,248040
10023635,54,admin.,married,tertiary,no,no,,24,may,673,0,33120
10023636,50,blue-collar,married,primary,no,no,,20,june,233,0,0
10023637,35,blue-collar,married,secondary,yes,no,,30,july,1056,0,0
10023638,44,services,married,secondary,yes,yes,,12,august,250,8343,244260
10023639,53,entrepreneur,married,,yes,no,,21,september,252,4717.8,3420
10023640,35,retired,single,primary,no,no,,22,october,138,10382.4,78120
10023641,60,admin.,divorced,secondary,yes,no,,1,november,130,16909.2,16560
10023642,53,admin.,divorced,secondary,yes,no,,30,december,412,11287.8,207180
10023643,48,unemployed,married,secondary,yes,no,,22,january,179,2376,7380
10023644,34,technician,married,secondary,yes,no,,27,february,19,5428.8,9180
10023645,54,services,married,secondary,yes,no,,23,march,458,25900.2,38520
10023646,51,management,married,secondary,yes,no,,26,april,717,10769.4,208980
10023647,31,services,married,tertiary,yes,no,,29,may,313,8866.8,6660
10023648,35,technician,divorced,secondary,yes,no,,29,june,683,11196,141660
10023649,35,services,married,secondary,yes,no,,27,july,1077,6348.6,10620
10023650,38,technician,married,secondary,yes,no,,27,august,416,12006,45540
10023651,36,admin.,married,tertiary,yes,no,,21,september,146,11570.4,37980
10023652,58,retired,married,primary,yes,no,,30,october,167,52741.8,42300
10023653,40,services,divorced,,yes,no,,6,november,315,219758.4,789120
10023654,54,management,married,secondary,no,no,,21,december,140,24163.2,734400
10023655,34,blue-collar,single,secondary,yes,yes,,26,january,346,0,9540
10023656,31,management,single,tertiary,yes,no,,18,february,562,0,0
10023657,51,retired,married,secondary,yes,no,,22,march,172,46530,382860
10023658,33,management,married,tertiary,yes,no,,25,april,217,8620.2,67860
10023659,55,management,married,tertiary,yes,no,,22,may,142,9365.4,13140
10023660,42,admin.,married,secondary,yes,no,,9,june,67,17087.4,80100
10023661,34,blue-collar,married,secondary,yes,,,26,july,291,14193,43740
10023662,33,blue-collar,single,secondary,yes,no,,9,august,309,11334.6,55260
10023663,38,services,married,secondary,yes,no,,19,september,248,8508.6,27900
10023664,50,technician,divorced,tertiary,no,yes,,19,october,98,13669.2,31140
10023665,43,management,married,tertiary,yes,no,,17,november,256,39270.6,72000
10023666,61,blue-collar,divorced,primary,yes,no,,13,december,82,29057.4,257040
10023667,47,admin.,married,secondary,yes,no,,10,january,577,2034,39420
10023668,48,self-employed,married,tertiary,yes,no,,5,february,286,3295.8,1260
10023669,44,blue-collar,married,secondary,yes,no,,14,march,477,21510,103500
10023670,35,student,single,,yes,no,,30,april,611,0,53640
10023671,35,services,married,secondary,yes,no,,22,may,471,0,0
10023672,50,services,married,secondary,yes,no,,5,june,381,52039.8,1025820
10023673,41,management,married,tertiary,yes,yes,,6,july,42,15674.4,31680
10023674,41,management,married,tertiary,yes,no,,17,august,251,18941.4,93060
10023675,39,services,single,,yes,no,,1,september,408,6233.4,46260
10023676,42,retired,married,secondary,yes,no,,17,october,215,0,10080
10023677,38,blue-collar,married,secondary,yes,no,,26,november,287,0,-70200
10023678,53,retired,married,secondary,yes,no,,12,december,216,13181.4,59400
10023679,59,housemaid,divorced,primary,no,no,,8,january,366,12589.2,35100
10023680,36,services,married,secondary,yes,no,,24,february,210,,54180
10023681,54,blue-collar,married,primary,yes,no,,1,march,288,,-7380
10023682,40,technician,married,tertiary,yes,no,,25,april,168,6042.6,86940
10023683,47,,married,,no,no,,19,may,338,991.8,5040
10023684,53,unemployed,married,,no,no,,6,june,410,5819.4,2340
10023685,46,housemaid,married,primary,no,no,,9,july,177,31383,173700
10023686,39,management,married,tertiary,yes,yes,,8,august,127,14950.8,68040
10023687,40,unemployed,married,secondary,yes,no,,25,september,357,13842,39420
10023688,28,blue-collar,married,primary,yes,no,,2,october,175,,58320
10023689,35,entrepreneur,divorced,secondary,yes,no,,11,november,300,,-12420
10023690,55,retired,married,secondary,no,yes,,4,december,136,0,0
10023691,43,technician,divorced,,yes,no,,23,january,1419,12403.8,36900
10023692,48,blue-collar,married,primary,yes,no,,2,february,125,28272.6,50040
10023693,58,management,married,,yes,no,,27,march,213,9887.4,191700
10023694,33,management,single,tertiary,yes,no,,28,april,27,9738,6120
10023695,36,blue-collar,married,,no,no,,27,may,238,63964.8,185940
10023696,53,services,divorced,secondary,yes,no,,28,june,124,0,264060
10023697,47,blue-collar,married,primary,yes,no,,18,july,18,0,-2160
10023698,31,services,married,secondary,yes,no,,21,august,730,17550,69840
10023699,57,entrepreneur,married,secondary,yes,no,,10,september,746,38082.6,52920
10023700,53,blue-collar,married,,no,,,1,october,121,55614.6,328860
10023701,55,blue-collar,married,primary,yes,no,,29,november,247,6505.2,112860
10023702,45,blue-collar,married,primary,yes,no,,4,december,40,4611.6,4500
10023703,53,admin.,divorced,secondary,yes,no,,22,january,181,0,56700
10023704,37,blue-collar,married,primary,yes,no,,20,february,79,0,0
10023705,44,admin.,divorced,secondary,yes,no,,3,march,206,,11880
10023706,49,blue-collar,divorced,primary,yes,yes,,7,april,389,,-1620
10023707,46,technician,married,secondary,yes,yes,,9,may,127,9707.4,62820
10023708,43,entrepreneur,married,,yes,no,,16,june,702,0,18000
10023709,38,admin.,married,secondary,no,no,,3,july,151,0,0
10023710,43,technician,married,secondary,yes,no,,12,august,117,61588.8,78120
10023711,49,management,married,tertiary,yes,no,,18,september,232,49024.8,582660
10023712,42,management,married,,no,no,,22,october,408,0,49500
10023713,,blue-collar,single,secondary,yes,no,,22,november,179,0,0
10023714,40,management,married,tertiary,yes,no,,9,december,39,16430.4,37260
10023715,39,blue-collar,married,secondary,yes,no,,12,january,282,54144,86940
10023716,51,services,married,secondary,yes,no,,26,february,714,50968.8,404640
10023717,49,admin.,married,secondary,yes,no,,7,march,50,0,77040
10023718,53,blue-collar,married,secondary,yes,yes,,24,april,181,0,0
10023719,34,services,single,secondary,yes,no,,27,may,142,0,0
10023720,33,technician,divorced,secondary,yes,no,,2,june,227,10594.8,25200
10023721,50,management,single,tertiary,yes,no,,19,july,119,14958,53460
10023722,39,blue-collar,married,primary,yes,no,,17,august,361,26053.2,50220
10023723,59,entrepreneur,divorced,secondary,yes,no,,13,september,73,79115.4,162180
10023724,30,technician,single,secondary,yes,no,,12,october,67,31518,463140
10023725,36,services,married,secondary,yes,yes,,20,november,350,13543.2,25740
10023726,40,blue-collar,married,secondary,yes,no,,10,december,332,9475.2,85500
10023727,53,blue-collar,married,secondary,yes,no,,21,january,611,7752.6,12600
10023728,34,management,single,tertiary,yes,no,,8,february,113,15366.6,57240
10023729,37,technician,married,secondary,yes,no,,19,march,132,23472,49500
10023730,42,management,divorced,tertiary,yes,no,,16,april,58,21744,133560
10023731,41,entrepreneur,married,primary,yes,no,,27,may,151,3990.6,42480
10023732,30,student,single,tertiary,yes,no,,15,june,89,6364.8,4500
10023733,37,management,single,tertiary,yes,no,,12,july,152,,108000
10023734,39,admin.,divorced,secondary,yes,no,,4,august,611,,-62820
10023735,41,blue-collar,married,primary,yes,yes,,18,september,110,0,32940
10023736,40,blue-collar,married,primary,yes,no,,20,october,463,0,0
10023737,42,management,single,tertiary,yes,yes,,26,november,562,0,0
10023738,40,blue-collar,divorced,primary,yes,no,,5,december,962,0,0
10023739,57,technician,married,secondary,yes,,,27,january,10,21240,194040
10023740,56,entrepreneur,divorced,secondary,no,no,,16,february,118,8917.2,27900
10023741,37,admin.,married,secondary,yes,no,,23,march,92,12792.6,34200
10023742,59,retired,married,secondary,yes,no,,23,april,143,,57420
10023743,39,services,divorced,secondary,yes,no,,25,may,189,,-33300
10023744,49,services,married,secondary,no,no,,3,june,234,8505,8460
10023745,38,services,single,secondary,yes,no,,6,july,75,5407.2,102600
10023746,36,self-employed,married,tertiary,no,no,,11,august,189,1769.4,3420
10023747,50,blue-collar,married,primary,yes,no,,11,september,621,0,10980
10023748,41,admin.,married,secondary,yes,yes,,19,october,55,0,-11160
10023749,54,technician,married,tertiary,no,no,,26,november,310,7275.6,46440
10023750,58,blue-collar,married,primary,yes,no,,26,december,156,0,13680
10023751,30,blue-collar,single,secondary,yes,no,,18,january,5,0,0
10023752,33,admin.,single,secondary,yes,no,,14,february,225,18702,63360
10023753,47,admin.,married,secondary,yes,no,,2,march,125,18352.8,66240
10023754,50,technician,single,tertiary,yes,no,,21,april,2,34903.8,61020
10023755,32,blue-collar,married,secondary,yes,no,,30,may,286,49141.8,239580
10023756,40,self-employed,married,secondary,yes,no,,27,june,164,10258.2,120960
10023757,37,management,married,tertiary,yes,no,,6,july,98,8366.4,10440
10023758,54,technician,single,,yes,no,,30,august,742,22595.4,80460
10023759,24,student,single,secondary,yes,no,,15,september,226,0,76140
10023760,54,management,married,tertiary,no,no,,9,october,120,0,0
10023761,34,technician,married,secondary,yes,no,,2,november,362,817.2,3420
10023762,56,technician,divorced,primary,yes,no,,14,december,357,324,2340
10023763,31,blue-collar,single,secondary,yes,no,,9,january,200,815.4,540
10023764,24,student,single,secondary,yes,no,,18,february,204,2489.4,14760
10023765,42,blue-collar,divorced,primary,yes,no,,25,march,126,7738.2,5040
10023766,57,technician,married,secondary,yes,no,,18,april,65,29538,142560
10023767,42,blue-collar,married,,yes,no,,17,may,107,24186.6,73440
10023768,51,admin.,married,secondary,yes,no,,3,june,267,17393.4,95580
10023769,57,retired,married,secondary,yes,no,,1,july,248,5943.6,37980
10023770,36,services,single,secondary,yes,no,,19,august,215,6559.2,11160
10023771,53,services,married,,yes,no,,13,september,209,29262.6,46260
10023772,50,technician,married,secondary,yes,no,,9,october,205,32293.8,222120
10023773,54,management,married,tertiary,yes,no,,2,november,83,8672.4,56340
10023774,55,blue-collar,married,secondary,yes,no,,22,december,106,5567.4,16020
10023775,44,blue-collar,married,secondary,yes,yes,,18,january,189,0,23220
10023776,43,management,married,,yes,no,,20,february,105,0,0
10023777,56,admin.,married,secondary,yes,no,,3,march,106,28479.6,63540
10023778,54,technician,married,,yes,,,22,april,108,14851.8,153180
10023779,55,services,divorced,primary,yes,yes,,23,may,311,10157.4,17280
10023780,37,services,divorced,secondary,yes,yes,,28,june,214,14401.8,71640
10023781,33,admin.,single,tertiary,no,no,,10,july,132,,34740
10023782,46,admin.,married,secondary,yes,no,,2,august,358,,-64440
10023783,36,blue-collar,married,secondary,yes,yes,,6,september,453,,97020
10023784,51,technician,single,secondary,yes,no,,19,october,364,,0
10023785,40,retired,single,primary,no,no,,23,november,136,,0
10023786,42,blue-collar,married,secondary,yes,no,,23,december,386,,88200
10023787,51,blue-collar,married,secondary,yes,no,,17,january,173,,0
10023788,49,blue-collar,married,,yes,no,,8,february,241,13235.4,72540
10023789,48,management,married,secondary,yes,no,,12,march,224,33346.8,28980
10023790,32,technician,divorced,tertiary,no,no,,23,april,148,26015.4,460440
10023791,31,admin.,single,secondary,yes,no,,27,may,196,5517,17640
10023792,55,management,single,tertiary,no,no,,29,june,111,11635.2,20700
10023793,40,blue-collar,single,secondary,yes,no,,29,july,231,31276.8,78480
10023794,47,technician,married,tertiary,yes,no,,20,august,316,21499.2,149580
10023795,57,technician,married,,yes,no,,18,september,216,12700.8,37080
10023796,41,blue-collar,married,secondary,yes,no,,17,october,240,885.6,52200
10023797,48,blue-collar,married,secondary,no,no,,26,november,669,392.4,180
10023798,42,blue-collar,married,,yes,no,,5,december,425,0,10260
10023799,30,blue-collar,single,secondary,yes,no,,17,january,143,0,-82260
10023800,58,management,single,tertiary,yes,no,,1,february,174,303508.8,249660
10023801,45,management,divorced,tertiary,yes,no,,20,march,313,44636.4,4427640
10023802,49,blue-collar,married,secondary,yes,no,,16,april,135,9099,5400
10023803,42,admin.,single,secondary,yes,no,,12,may,146,12430.8,183960
10023804,53,technician,married,secondary,yes,yes,,25,june,152,,10080
10023805,51,admin.,single,secondary,no,no,,4,july,402,,-360
10023806,32,services,single,secondary,yes,no,,6,august,213,16585.2,21780
10023807,41,blue-collar,single,secondary,yes,no,,17,september,144,39691.8,151560
10023808,43,management,divorced,secondary,yes,no,,2,october,124,0,124740
10023809,40,blue-collar,divorced,secondary,yes,no,,16,november,183,0,-59940
10023810,50,blue-collar,married,primary,yes,no,,20,december,325,13798.8,275940
10023811,34,management,married,tertiary,yes,no,,17,january,39,1495.8,8280
10023812,53,services,married,,no,no,,25,february,503,1461.6,3240
10023813,45,technician,married,secondary,yes,no,,1,march,95,0,7920
10023814,39,blue-collar,married,primary,yes,no,,24,april,680,0,-18000
10023815,44,services,married,tertiary,yes,no,,3,may,421,30711.6,91800
10023816,55,management,married,tertiary,yes,no,,11,june,174,18597.6,123300
10023817,46,management,single,tertiary,yes,,,1,july,113,5772.6,33660
10023818,45,blue-collar,married,secondary,yes,no,,24,august,808,9990,11880
10023819,34,admin.,married,secondary,yes,no,,23,september,198,0,100800
10023820,36,blue-collar,married,secondary,yes,no,,23,october,195,0,0
10023821,59,,divorced,,no,no,,25,november,347,936,4860
10023822,31,admin.,single,secondary,yes,no,,16,december,208,1049.4,2160
10023823,44,blue-collar,single,secondary,yes,no,,7,january,404,9901.8,6120
10023824,33,entrepreneur,single,tertiary,yes,no,,15,february,396,24667.2,192240
10023825,40,blue-collar,married,secondary,yes,no,,23,march,216,14655.6,37980
10023826,46,admin.,single,tertiary,yes,no,,26,april,98,16362,67860
10023827,48,management,married,tertiary,yes,no,,3,may,350,29948.4,47340
10023828,42,services,married,secondary,yes,no,,20,june,114,5223.6,227340
10023829,27,services,married,secondary,yes,no,,30,july,88,1650.6,1440
10023830,,admin.,married,secondary,yes,yes,,15,august,379,8845.2,22680
10023831,59,admin.,married,secondary,yes,no,,12,september,190,22852.8,41400
10023832,46,technician,married,tertiary,yes,no,,8,october,158,26445.6,151380
10023833,38,admin.,divorced,secondary,yes,no,,22,november,102,912.6,55440
10023834,43,management,divorced,tertiary,yes,no,,20,december,306,482.4,180
10023835,38,admin.,divorced,tertiary,yes,no,,18,january,218,6037.2,15480
10023836,23,student,single,secondary,yes,no,,11,february,54,3054.6,28260
10023837,34,services,married,secondary,yes,no,,4,march,344,1652.4,3960
10023838,38,admin.,married,secondary,yes,yes,,10,april,195,12672,8280
10023839,37,blue-collar,married,secondary,no,no,,18,may,652,20637,232740
10023840,25,admin.,single,secondary,yes,no,,12,june,286,6568.2,21960
10023841,48,blue-collar,married,,yes,no,,10,july,189,7111.8,23580
10023842,49,blue-collar,single,secondary,yes,no,,18,august,83,12317.4,25740
10023843,38,admin.,single,secondary,no,no,,22,september,184,10197,70740
10023844,43,blue-collar,married,primary,yes,no,,7,october,235,0,17640
10023845,33,management,married,tertiary,yes,no,,19,november,290,0,0
10023846,55,blue-collar,married,secondary,yes,no,,28,december,232,21396.6,40320
10023847,38,blue-collar,married,secondary,yes,no,,27,january,133,22377.6,136260
10023848,49,services,married,secondary,yes,yes,,28,february,318,74923.2,44100
10023849,40,management,married,secondary,no,no,,4,march,260,89550,1527480
10023850,43,admin.,married,,no,no,,7,april,437,4347,63000
10023851,38,blue-collar,married,secondary,yes,no,,11,may,402,9487.8,3600
10023852,58,services,married,secondary,yes,yes,,20,june,85,39405.6,300060
10023853,57,technician,married,,yes,no,,11,july,125,3052.8,62100
10023854,32,unemployed,married,secondary,yes,no,,6,august,501,4734,1800
10023855,56,management,married,tertiary,yes,yes,,18,september,1201,8062.2,149400
10023856,58,blue-collar,divorced,,yes,,,11,october,253,6532.2,5220
10023857,60,retired,divorced,secondary,yes,no,,9,november,1030,113340.6,98100
10023858,37,technician,married,tertiary,yes,no,,1,december,149,106034.4,1571400
10023859,46,technician,divorced,tertiary,yes,no,,8,january,114,2269.8,85860
10023860,27,admin.,married,secondary,yes,no,,3,february,243,3607.2,720
10023861,43,blue-collar,married,secondary,yes,no,,13,march,769,0,216900
10023862,32,technician,single,secondary,yes,yes,,17,april,135,0,0
10023863,40,admin.,single,secondary,yes,no,,26,may,231,842.4,47340
10023864,38,admin.,married,secondary,no,no,,8,june,76,874.8,180
10023865,34,blue-collar,married,secondary,no,yes,,23,july,199,12546,50940
10023866,47,blue-collar,married,primary,yes,no,,13,august,152,3074.4,37080
10023867,42,housemaid,married,primary,yes,no,,10,september,124,2543.4,3060
10023868,48,technician,married,secondary,yes,yes,,2,october,424,2467.8,25380
10023869,29,self-employed,single,tertiary,yes,no,,5,november,43,2982.6,2880
10023870,50,services,married,secondary,yes,no,,15,december,154,1972.8,37080
10023871,52,technician,married,,no,no,,13,january,203,0,1260
10023872,50,management,married,tertiary,no,no,,10,february,326,0,0
10023873,58,retired,married,tertiary,no,no,,27,march,393,0,0
10023874,46,blue-collar,divorced,primary,yes,no,,14,april,241,38439,346860
10023875,38,technician,married,secondary,yes,no,,1,may,483,35677.8,51120
10023876,46,blue-collar,married,secondary,yes,no,,14,june,259,42658.2,298800
10023877,32,services,single,secondary,yes,no,,19,july,227,15877.8,73080
10023878,51,blue-collar,married,primary,yes,no,,8,august,673,0,41400
10023879,39,admin.,single,secondary,yes,no,,18,september,576,0,-4500
10023880,48,admin.,married,secondary,yes,no,,19,october,180,23967,32760
10023881,36,entrepreneur,married,tertiary,yes,no,,28,november,168,14542.2,210420
10023882,34,admin.,divorced,secondary,yes,no,,3,december,90,3731.4,12060
10023883,40,technician,married,secondary,no,no,,1,january,505,0,13860
10023884,43,unemployed,married,secondary,yes,no,,16,february,245,0,0
10023885,52,blue-collar,divorced,primary,yes,yes,,26,march,186,3270.6,9900
10023886,33,technician,married,secondary,yes,no,,20,april,623,5628.6,12960
10023887,49,management,single,tertiary,yes,no,,1,may,496,8152.2,29340
10023888,32,management,single,tertiary,yes,no,,5,june,118,6787.8,27180
10023889,39,admin.,single,secondary,yes,no,,12,july,342,0,20340
10023890,40,blue-collar,married,secondary,yes,no,,23,august,225,0,0
10023891,38,technician,single,tertiary,yes,no,,18,september,185,3018.6,1620
10023892,43,management,married,secondary,yes,no,,22,october,196,34003.8,67500
10023893,39,services,married,secondary,yes,no,,19,november,276,80506.8,205560
10023894,54,blue-collar,married,primary,yes,no,,5,december,76,156672,378360
10023895,38,technician,single,tertiary,yes,,,28,january,87,50338.8,778500
10023896,40,blue-collar,married,secondary,yes,no,,19,february,195,8760.6,39060
10023897,55,admin.,married,secondary,yes,no,,28,march,744,24377.4,23580
10023898,42,management,married,tertiary,yes,no,,30,april,765,0,302400
10023899,39,blue-collar,married,secondary,yes,no,,27,may,262,0,0
10023900,40,blue-collar,married,primary,yes,no,,4,june,119,6303.6,8280
10023901,32,blue-collar,married,secondary,yes,no,,9,july,198,12574.8,57600
10023902,55,admin.,married,secondary,yes,no,,19,august,150,4390.2,32940
10023903,45,blue-collar,married,secondary,no,no,,28,september,241,7678.8,7020
10023904,35,management,single,tertiary,yes,no,,23,october,181,26629.2,100800
10023905,58,technician,divorced,secondary,no,no,,12,november,196,25905.6,84420
10023906,35,admin.,married,secondary,yes,no,,17,december,149,9343.8,95400
10023907,49,services,married,primary,yes,no,,22,january,246,6312.6,10980
10023908,34,technician,single,tertiary,yes,no,,16,february,112,9529.2,43560
10023909,36,blue-collar,married,secondary,yes,no,,5,march,309,0,25020
10023910,24,self-employed,single,secondary,yes,no,,13,april,278,0,0
10023911,34,technician,married,secondary,yes,no,,19,may,140,15030,66060
10023912,51,admin.,divorced,secondary,yes,no,,30,june,136,166897.8,41040
10023913,39,technician,single,,yes,no,,26,july,1623,0,8144640
10023914,50,self-employed,married,,yes,no,,13,august,101,0,-15120
10023915,32,services,single,secondary,yes,no,,28,september,144,10512,55800
10023916,42,blue-collar,married,,yes,no,,6,october,238,16853.4,23760
10023917,50,technician,married,secondary,yes,no,,15,november,354,12360.6,143460
10023918,40,services,married,secondary,no,no,,30,december,79,619.2,12780
10023919,46,management,divorced,,yes,no,,8,january,187,1116,360
10023920,37,management,married,tertiary,yes,yes,,5,february,451,12976.2,41580
10023921,34,blue-collar,married,secondary,yes,yes,,13,march,159,14133.6,48600
10023922,44,blue-collar,married,secondary,yes,yes,,6,april,409,,49320
10023923,40,admin.,single,secondary,yes,yes,,25,may,170,,-19620
10023924,37,technician,married,secondary,yes,no,,29,june,608,,180
10023925,33,blue-collar,single,secondary,no,no,,22,july,243,,-10800
10023926,35,blue-collar,married,secondary,yes,no,,23,august,145,,16020
10023927,58,blue-collar,divorced,secondary,no,no,,10,september,112,,-1980
10023928,39,blue-collar,married,primary,yes,no,,2,october,262,,0
10023929,43,blue-collar,married,secondary,yes,no,,7,november,124,0,-91620
10023930,39,unemployed,married,primary,yes,no,,29,december,53,7993.8,73440
10023931,36,services,single,primary,yes,no,,7,january,134,16025.4,10440
10023932,57,retired,single,secondary,no,yes,,4,february,204,9410.4,295200
10023933,36,admin.,single,secondary,yes,no,,25,march,186,1958.4,3600
10023934,50,blue-collar,married,primary,yes,,,17,april,678,3157.2,12780
10023935,55,blue-collar,married,secondary,yes,no,,2,may,182,6402.6,9360
10023936,44,self-employed,married,tertiary,yes,no,,11,june,162,18282.6,52560
10023937,44,services,divorced,secondary,yes,no,,8,july,27,11170.8,76320
10023938,39,housemaid,single,primary,yes,no,,1,august,699,17528.4,19620
10023939,46,blue-collar,married,,yes,no,,15,september,43,52639.2,187920
10023940,39,blue-collar,married,secondary,yes,no,,22,october,97,48025.8,176940
10023941,34,admin.,married,secondary,no,no,,14,november,1677,39589.2,156420
10023942,40,blue-collar,married,primary,yes,no,,23,december,283,41697,120240
10023943,50,management,married,tertiary,yes,no,,4,january,323,27990,173520
10023944,31,management,single,secondary,yes,no,,10,february,82,10666.8,54180
10023945,37,admin.,single,secondary,yes,no,,21,march,310,26636.4,25200
10023946,39,management,single,secondary,yes,no,,11,april,185,75574.8,337860
10023947,51,blue-collar,married,primary,yes,no,,10,may,47,51481.8,202860
10023948,41,technician,married,secondary,yes,no,,20,june,145,42471,156780
10023949,41,technician,married,secondary,yes,yes,,14,july,204,0,138060
10023950,43,blue-collar,married,secondary,no,no,,15,august,187,0,0
10023951,30,services,single,secondary,yes,no,,29,september,30,0,37620
10023952,54,management,divorced,primary,no,no,,18,october,472,0,0
10023953,43,blue-collar,divorced,secondary,yes,yes,,30,november,448,,19800
10023954,59,management,divorced,tertiary,yes,yes,,3,december,264,,-13680
10023955,47,technician,married,,yes,no,,4,january,169,,32040
10023956,40,blue-collar,married,primary,yes,no,,14,february,288,,-11880
10023957,32,technician,married,secondary,yes,no,,28,march,176,0,0
10023958,29,blue-collar,married,secondary,yes,no,,3,april,215,0,180
10023959,36,blue-collar,married,secondary,yes,no,,19,may,337,,0
10023960,55,unemployed,married,tertiary,no,no,,24,june,278,,962100
10023961,30,blue-collar,divorced,secondary,yes,no,,8,july,188,,-37620
10023962,39,admin.,single,secondary,yes,no,,13,august,174,0,0
10023963,39,blue-collar,divorced,secondary,yes,no,,17,september,226,2156.4,7560
10023964,50,blue-collar,divorced,secondary,yes,no,,5,october,190,0,7380
10023965,44,blue-collar,married,secondary,yes,no,,11,november,111,0,-17820
10023966,37,technician,single,secondary,yes,no,,18,december,164,3558.6,3060
10023967,46,admin.,married,primary,yes,yes,,9,january,157,,49680
10023968,32,technician,single,,no,no,,4,february,46,,-30600
10023969,37,management,single,tertiary,yes,yes,,18,march,374,,41400
10023970,29,blue-collar,married,secondary,yes,no,,16,april,349,4795.2,1620
10023971,41,blue-collar,married,secondary,yes,no,,20,may,325,57556.8,170280
10023972,45,blue-collar,married,primary,yes,no,,29,june,233,,233460
10023973,57,retired,divorced,secondary,yes,,,19,july,531,0,-59580
10023974,48,blue-collar,single,secondary,yes,no,,15,august,153,1335.6,7920
10023975,60,retired,married,secondary,no,no,,14,september,80,5369.4,2700
10023976,26,admin.,single,secondary,yes,no,,14,october,232,102216.6,128160
10023977,58,retired,married,secondary,yes,no,,8,november,118,86256,978300
10023978,34,admin.,married,secondary,yes,no,,30,december,190,23016.6,91260
10023979,55,unemployed,divorced,secondary,yes,no,,4,january,918,0,69660
10023980,41,blue-collar,married,primary,yes,yes,,1,february,238,0,0
10023981,50,management,divorced,secondary,yes,no,,19,march,82,27815.4,308880
10023982,49,entrepreneur,married,secondary,yes,yes,,13,april,198,4246.2,30060
10023983,44,admin.,married,,no,yes,,22,may,160,3997.8,7200
10023984,44,blue-collar,married,primary,yes,no,,2,june,211,2606.4,26640
10023985,31,technician,married,secondary,yes,yes,,18,july,120,6813,3060
10023986,34,blue-collar,single,tertiary,yes,no,,12,august,136,64562.4,181980
10023987,46,management,single,,yes,no,,11,september,269,55384.2,274860
10023988,42,management,married,tertiary,no,no,,22,october,157,31181.4,133920
10023989,52,admin.,married,secondary,yes,no,,24,november,128,0,87120
10023990,29,management,single,tertiary,yes,no,,27,december,211,0,0
10023991,53,retired,married,primary,yes,no,,15,january,267,22140,24480
10023992,43,blue-collar,married,secondary,yes,no,,7,february,371,43169.4,240300
10023993,38,management,married,secondary,yes,no,,15,march,288,25311.6,93060
10023994,46,management,married,tertiary,yes,no,,15,april,221,26083.8,82620
10023995,48,management,divorced,,yes,no,,8,may,427,11091.6,98820
10023996,30,admin.,divorced,secondary,yes,yes,,19,june,310,6908.4,14940
10023997,44,blue-collar,married,primary,no,no,,11,july,158,10805.4,38340
10023998,31,housemaid,married,primary,yes,no,,15,august,604,16849.8,36540
10023999,42,services,single,secondary,yes,no,,5,september,198,73636.2,93240
10024000,40,management,single,tertiary,yes,no,,5,october,145,113747.4,697860
10024001,52,admin.,married,secondary,yes,no,,24,november,247,50229,222480
10024002,45,blue-collar,divorced,secondary,yes,no,,24,december,179,17901,136080
10024003,48,blue-collar,married,secondary,yes,no,,16,january,73,,28260
10024004,45,blue-collar,married,primary,yes,no,,7,february,263,,-11880
10024005,34,blue-collar,married,,yes,no,,20,march,13,,44100
10024006,34,blue-collar,married,primary,yes,no,,2,april,79,,-25920
10024007,46,blue-collar,married,secondary,yes,no,,3,may,416,9838.8,12780
10024008,49,services,divorced,secondary,yes,no,,23,june,162,18426.6,90900
10024009,50,technician,married,primary,yes,no,,4,july,129,0,44820
10024010,34,admin.,single,secondary,yes,no,,6,august,150,0,0
10024011,40,unemployed,single,secondary,yes,no,,22,september,43,4356,1980
10024012,36,admin.,married,secondary,yes,,,22,october,191,14626.8,115020
10024013,59,blue-collar,divorced,,yes,no,,21,november,26,5239.8,22320
10024014,45,blue-collar,married,secondary,yes,no,,15,december,250,4867.2,14760
10024015,36,self-employed,married,tertiary,yes,no,,3,january,146,11689.2,19260
10024016,56,services,married,secondary,yes,no,,14,february,416,21796.2,85140
10024017,42,services,divorced,secondary,yes,yes,,30,march,121,6796.8,66960
10024018,30,admin.,married,secondary,yes,no,,27,april,114,2055.6,8280
10024019,30,student,single,tertiary,yes,no,,4,may,289,9264.6,6120
10024020,47,self-employed,married,,yes,no,,14,june,225,,168300
10024021,33,blue-collar,married,secondary,yes,no,,24,july,123,,-1800
10024022,36,admin.,married,secondary,yes,no,,26,august,130,,-19080
10024023,39,services,divorced,primary,yes,no,,27,september,161,31455,84780
10024024,56,admin.,divorced,secondary,yes,no,,25,october,149,18896.4,140040
10024025,39,blue-collar,divorced,,yes,no,,14,november,268,12024,30600
10024026,42,technician,married,secondary,yes,no,,1,december,259,51883.2,56700
10024027,52,blue-collar,married,secondary,no,no,,4,january,26,33458.4,569700
10024028,36,admin.,divorced,secondary,yes,no,,27,february,153,8494.2,23580
10024029,35,entrepreneur,married,secondary,yes,no,,12,march,424,6760.8,36720
10024030,47,technician,married,secondary,yes,no,,15,april,179,0,14940
10024031,59,services,divorced,secondary,yes,yes,,4,may,97,0,0
10024032,57,blue-collar,married,primary,yes,yes,,30,june,383,160603.2,977580
10024033,38,management,married,,yes,no,,19,july,440,,316620
10024034,46,unemployed,married,secondary,yes,no,,15,august,23,,-22500
10024035,34,blue-collar,married,secondary,no,no,,19,september,195,0,0
10024036,28,services,single,secondary,yes,no,,14,october,1297,88740,916200
10024037,38,technician,married,,yes,no,,19,november,87,49784.4,103140
10024038,56,blue-collar,married,secondary,yes,no,,11,december,427,,288360
10024039,41,blue-collar,single,primary,yes,yes,,22,january,189,,-24660
10024040,52,technician,married,,no,no,,12,february,195,0,0
10024041,54,services,married,secondary,no,no,,20,march,179,10080,34740
10024042,61,retired,married,secondary,yes,yes,,24,april,179,12313.8,35100
10024043,53,entrepreneur,married,secondary,no,no,,5,may,69,3843,51840
10024044,47,technician,married,secondary,yes,no,,4,june,105,1132.2,3420
10024045,53,blue-collar,married,primary,yes,no,,30,july,266,3817.8,4500
10024046,46,services,married,secondary,yes,no,,11,august,524,10526.4,38880
10024047,39,blue-collar,divorced,primary,yes,yes,,20,september,96,7126.2,34200
10024048,56,technician,divorced,secondary,yes,no,,6,october,155,24784.2,17820
10024049,55,services,divorced,primary,yes,no,,4,november,162,10270.8,413640
10024050,44,management,married,tertiary,yes,no,,24,december,352,0,3060
10024051,37,technician,married,primary,yes,,,6,january,76,0,0
10024052,35,blue-collar,married,primary,yes,no,,14,february,154,0,0
10024053,55,blue-collar,married,secondary,yes,no,,18,march,310,28494,151200
10024054,37,services,married,secondary,yes,no,,15,april,390,0,64440
10024055,30,technician,single,secondary,yes,no,,27,may,369,,0
10024056,37,blue-collar,married,primary,yes,yes,,7,june,112,,-58500
10024057,36,technician,single,secondary,yes,no,,16,july,341,,-2700
10024058,38,technician,married,secondary,yes,no,,3,august,79,79903.8,104580
10024059,41,admin.,divorced,primary,yes,no,,4,september,140,28515.6,732600
10024060,48,retired,married,secondary,no,yes,,6,october,315,5308.2,13320
10024061,55,services,divorced,secondary,yes,no,,22,november,262,5821.2,25380
10024062,28,services,divorced,secondary,no,no,,16,december,174,0,16020
10024063,54,services,married,secondary,yes,no,,6,january,138,0,0
10024064,30,blue-collar,married,secondary,no,no,,2,february,526,19407.6,81000
10024065,48,technician,married,tertiary,no,no,,1,march,135,0,55800
10024066,31,self-employed,married,secondary,yes,no,,23,april,36,0,0
10024067,38,blue-collar,married,secondary,yes,no,,18,may,1906,20237.4,69120
10024068,37,blue-collar,married,secondary,yes,no,,28,june,219,,71100
10024069,37,services,single,,yes,no,,29,july,147,,-21240
10024070,56,blue-collar,married,primary,yes,yes,,19,august,407,820.8,900
10024071,51,blue-collar,married,secondary,yes,yes,,19,september,121,6202.8,9000
10024072,39,blue-collar,married,secondary,yes,yes,,28,october,209,3396.6,51300
10024073,49,technician,married,,no,no,,2,november,92,5142.6,2700
10024074,51,blue-collar,married,primary,yes,yes,,8,december,208,40231.8,117540
10024075,43,self-employed,married,secondary,yes,no,,3,january,193,24541.2,165240
10024076,32,services,married,secondary,yes,yes,,3,february,144,16300.8,43740
10024077,29,technician,single,tertiary,yes,no,,12,march,65,38107.8,72900
10024078,48,management,divorced,tertiary,yes,no,,17,april,339,30238.2,239040
10024079,55,services,married,primary,yes,no,,24,may,285,48360.6,45900
10024080,53,blue-collar,married,secondary,yes,no,,25,june,231,138981.6,611460
10024081,47,technician,married,,yes,no,,16,july,168,127902.6,379080
10024082,39,management,married,tertiary,yes,no,,22,august,278,21589.2,517860
10024083,31,blue-collar,single,tertiary,yes,yes,,25,september,389,18990,10800
10024084,39,blue-collar,married,primary,yes,no,,2,october,158,131565.6,400680
10024085,40,blue-collar,married,primary,yes,no,,24,november,145,,518400
10024086,40,technician,single,,yes,no,,18,december,78,,-900
10024087,48,technician,married,secondary,no,no,,15,january,142,1666.8,26460
10024088,33,technician,divorced,secondary,yes,yes,,5,february,87,1434.6,1260
10024089,40,technician,married,secondary,yes,no,,21,march,147,,19620
10024090,59,retired,married,primary,yes,,,16,april,289,,-21420
10024091,30,technician,married,secondary,yes,no,,3,may,703,49195.8,87120
10024092,31,management,single,tertiary,yes,no,,25,june,170,51625.8,333360
10024093,35,unemployed,married,secondary,yes,no,,18,july,802,5497.2,95940
10024094,54,technician,divorced,secondary,yes,no,,22,august,381,11746.8,3780
10024095,34,admin.,single,,yes,no,,18,september,218,24319.8,438120
10024096,32,technician,married,secondary,yes,yes,,4,october,57,32121,16200
10024097,56,admin.,divorced,,yes,no,,3,november,304,67293,764280
10024098,32,admin.,single,tertiary,yes,no,,17,december,241,3999.6,71100
10024099,42,blue-collar,married,primary,yes,no,,28,january,230,1855.8,2700
10024100,33,services,married,tertiary,no,no,,9,february,262,,15300
10024101,52,entrepreneur,married,tertiary,yes,yes,,5,march,392,,-33120
10024102,52,services,married,secondary,no,no,,19,april,201,,118800
10024103,52,blue-collar,divorced,primary,yes,no,,29,may,145,,-32940
10024104,30,unemployed,divorced,secondary,yes,no,,28,june,252,1756.8,205920
10024105,44,services,divorced,secondary,yes,no,,16,july,235,432,180
10024106,35,admin.,married,secondary,yes,yes,,22,august,235,6402.6,12420
10024107,55,management,single,secondary,yes,no,,7,september,328,14043.6,39600
10024108,33,blue-collar,married,primary,yes,no,,29,october,116,14668.2,59760
10024109,37,blue-collar,single,secondary,yes,no,,18,november,246,0,43200
10024110,42,technician,single,secondary,yes,no,,13,december,293,0,0
10024111,43,unemployed,married,secondary,yes,no,,13,january,37,0,0
10024112,38,entrepreneur,married,tertiary,yes,no,,2,february,132,17269.2,161640
10024113,37,technician,married,secondary,yes,yes,,27,march,530,9147.6,22140
10024114,31,student,single,secondary,yes,no,,29,april,175,6651,45360
10024115,41,management,married,tertiary,yes,no,,4,may,524,,11700
10024116,41,technician,married,secondary,yes,yes,,27,june,29,,-65880
10024117,29,student,single,secondary,yes,no,,14,july,311,11167.2,37620
10024118,38,admin.,single,secondary,yes,no,,10,august,211,1544.4,39780
10024119,44,self-employed,divorced,tertiary,yes,no,,14,september,312,1060.2,720
10024120,39,admin.,married,secondary,yes,no,,3,october,412,9360,18720
10024121,28,technician,single,secondary,yes,no,,22,november,392,,56160
10024122,33,blue-collar,married,secondary,yes,no,,26,december,191,,-62820
10024123,41,services,married,,no,no,,2,january,284,,720
10024124,40,blue-collar,married,primary,yes,yes,,12,february,144,,-57960
10024125,29,admin.,married,secondary,yes,no,,8,march,328,,-27000
10024126,38,management,married,,yes,no,,21,april,100,31991.4,242820
10024127,32,admin.,married,tertiary,yes,no,,6,may,226,30906,50580
10024128,45,services,married,secondary,yes,no,,23,june,507,18529.2,226620
10024129,33,admin.,single,secondary,yes,no,,5,july,392,15206.4,18180
10024130,34,blue-collar,married,secondary,yes,no,,29,august,684,14275.8,152640
10024131,41,entrepreneur,married,,yes,no,,24,september,333,5799.6,16020
10024132,41,blue-collar,married,secondary,yes,no,,2,october,311,7479,25200
10024133,35,admin.,single,secondary,yes,no,,14,november,128,8940.6,26640
10024134,40,technician,single,secondary,yes,no,,15,december,322,4984.2,36000
10024135,60,self-employed,married,primary,yes,no,,7,january,202,4996.8,8280
10024136,47,services,divorced,secondary,yes,no,,23,february,92,16959.6,36180
10024137,46,blue-collar,married,primary,yes,no,,18,march,739,0,95400
10024138,31,blue-collar,single,secondary,yes,no,,3,april,273,0,0
10024139,49,self-employed,married,secondary,yes,no,,29,may,260,340.2,180
10024140,29,blue-collar,married,secondary,yes,no,,3,june,268,,7740
10024141,31,management,single,tertiary,yes,no,,25,july,396,,-31140
10024142,38,management,married,tertiary,yes,no,,27,august,262,15026.4,70020
10024143,37,blue-collar,married,primary,yes,yes,,3,september,308,,38700
10024144,35,technician,married,secondary,yes,no,,14,october,467,,-23580
10024145,31,management,single,secondary,yes,no,,11,november,320,0,140940
10024146,41,admin.,married,secondary,yes,no,,20,december,160,0,0
10024147,46,services,married,,yes,no,,28,january,245,4762.8,14400
10024148,40,services,divorced,secondary,yes,no,,23,february,189,7183.8,18900
10024149,29,admin.,married,secondary,yes,yes,,22,march,477,6348.6,32760
10024150,49,admin.,married,secondary,yes,no,,7,april,310,0,14760
10024151,42,management,married,tertiary,yes,no,,26,may,65,0,0
10024152,54,services,married,secondary,yes,no,,2,june,196,18253.8,91800
10024153,40,management,single,tertiary,yes,no,,4,july,221,12627,43560
10024154,53,admin.,married,secondary,yes,yes,,17,august,197,7785,43920
10024155,49,management,married,tertiary,yes,no,,10,september,221,0,16560
10024156,40,blue-collar,married,primary,yes,no,,30,october,64,0,0
10024157,29,student,single,secondary,yes,no,,28,november,75,7673.4,170640
10024158,36,blue-collar,married,primary,yes,no,,21,december,400,6640.2,4140
10024159,37,technician,married,secondary,yes,no,,26,january,378,48061.8,127800
10024160,39,services,married,secondary,yes,no,,4,february,118,34601.4,216900
10024161,36,technician,married,secondary,yes,yes,,18,march,1597,40257,66240
10024162,44,entrepreneur,married,tertiary,yes,no,,19,april,346,5140.8,293580
10024163,40,admin.,married,secondary,yes,no,,6,may,60,649.8,1080
10024164,49,blue-collar,married,secondary,yes,no,,5,june,276,,4680
10024165,30,technician,single,,yes,no,,26,july,152,,-8640
10024166,57,management,married,tertiary,yes,no,,5,august,251,21103.2,385560
10024167,24,services,single,secondary,yes,yes,,2,september,390,9131.4,13860
10024168,46,blue-collar,married,,yes,no,,14,october,306,4768.2,72180
10024169,33,admin.,married,secondary,no,no,,27,november,189,0,3780
10024170,43,services,divorced,secondary,yes,no,,10,december,125,,0
10024171,43,admin.,single,secondary,yes,no,,8,january,234,,-89460
10024172,40,blue-collar,divorced,primary,no,no,,13,february,79,8814.6,66420
10024173,44,technician,single,,yes,no,,23,march,13,6899.4,14040
10024174,35,technician,single,tertiary,yes,yes,,2,april,283,17519.4,40680
10024175,47,technician,married,secondary,yes,no,,30,may,109,22476.6,90540
10024176,33,blue-collar,married,secondary,yes,no,,3,june,132,0,66960
10024177,31,admin.,married,secondary,yes,yes,,4,july,144,0,0
10024178,40,blue-collar,divorced,secondary,yes,no,,24,august,121,0,0
10024179,36,entrepreneur,married,tertiary,yes,no,,14,september,95,1161,22500
10024180,56,retired,divorced,primary,yes,no,,15,october,31,2127.6,720
10024181,40,admin.,single,,yes,no,,27,november,112,19085.4,75420
10024182,41,admin.,divorced,secondary,yes,no,,3,december,87,16230.6,57960
10024183,53,retired,married,secondary,yes,no,,19,january,593,22284,54540
10024184,39,blue-collar,married,secondary,yes,no,,22,february,99,30805.2,109260
10024185,44,blue-collar,divorced,secondary,yes,no,,15,march,198,69017.4,104220
10024186,38,admin.,married,secondary,yes,no,,7,april,285,26130.6,548460
10024187,54,technician,divorced,secondary,yes,no,,30,may,190,3904.2,14940
10024188,58,management,married,tertiary,yes,no,,27,june,172,3263.4,12240
10024189,52,blue-collar,married,primary,yes,no,,5,july,213,6269.4,10440
10024190,28,admin.,single,secondary,yes,no,,21,august,178,21592.8,45180
10024191,36,blue-collar,married,secondary,yes,no,,17,september,174,26002.8,123840
10024192,60,retired,married,primary,yes,no,,17,october,631,7353,65520
10024193,42,services,divorced,secondary,yes,no,,5,november,176,3873.6,9900
10024194,42,admin.,married,secondary,yes,no,,5,december,32,5351.4,18180
10024195,44,management,married,tertiary,yes,no,,2,january,1529,9599.4,18900
10024196,51,blue-collar,divorced,primary,yes,no,,10,february,254,13181.4,58500
10024197,49,blue-collar,married,primary,yes,no,,15,march,200,10569.6,35640
10024198,47,entrepreneur,married,,yes,no,,27,april,135,10162.8,37620
10024199,37,blue-collar,married,secondary,yes,no,,8,may,112,7203.6,32940
10024200,34,management,married,tertiary,yes,no,,14,june,314,5558.4,18900
10024201,35,services,married,secondary,yes,no,,4,july,597,10519.2,19620
10024202,35,blue-collar,single,secondary,yes,yes,,28,august,207,,67680
10024203,40,blue-collar,married,primary,yes,no,,24,september,410,,-1260
10024204,55,technician,married,secondary,no,no,,1,october,160,0,0
10024205,55,retired,married,secondary,yes,no,,17,november,42,14572.8,25740
10024206,35,management,single,tertiary,yes,no,,25,december,55,15510.6,99000
10024207,57,blue-collar,married,primary,yes,no,,24,january,155,7092,29160
10024208,53,management,married,tertiary,yes,no,,20,february,336,12609,20700
10024209,41,blue-collar,married,primary,yes,no,,11,march,233,33400.8,92160
10024210,57,blue-collar,married,,yes,no,,26,april,211,23245.2,145260
10024211,45,blue-collar,married,,yes,no,,27,may,88,28476,44640
10024212,43,blue-collar,married,primary,yes,no,,25,june,208,4784.4,217980
10024213,56,self-employed,married,,no,no,,26,july,305,2304,1260
10024214,31,entrepreneur,married,tertiary,yes,no,,16,august,206,8170.2,50580
10024215,37,blue-collar,single,secondary,yes,no,,15,september,128,2757.6,15840
10024216,30,management,married,tertiary,yes,no,,1,october,122,3151.8,5760
10024217,30,admin.,single,secondary,yes,no,,23,november,66,8881.2,20700
10024218,54,blue-collar,married,secondary,yes,no,,25,december,66,9937.8,45720
10024219,36,management,married,tertiary,yes,no,,6,january,164,12202.2,25920
10024220,55,unemployed,married,tertiary,no,no,,24,february,343,24256.8,68940
10024221,37,admin.,single,secondary,yes,yes,,24,march,126,0,102420
10024222,38,housemaid,married,secondary,yes,no,,29,april,59,0,0
10024223,48,admin.,married,secondary,yes,no,,18,may,249,264839.4,675720
10024224,55,housemaid,divorced,tertiary,yes,no,,9,june,406,75736.8,1245600
10024225,59,services,married,secondary,yes,yes,,25,july,250,,55260
10024226,37,technician,married,secondary,yes,no,,27,august,183,,-75780
10024227,33,blue-collar,divorced,secondary,no,no,,3,september,190,3294,10800
10024228,44,blue-collar,married,primary,yes,no,,1,october,220,8528.4,12060
10024229,57,technician,married,secondary,yes,no,,25,november,153,29467.8,72360
10024230,30,self-employed,single,tertiary,no,no,,18,december,95,22721.4,144000
10024231,42,technician,married,tertiary,yes,yes,,4,january,191,16482.6,43020
10024232,51,blue-collar,divorced,secondary,yes,no,,11,february,216,13528.8,75780
10024233,44,admin.,divorced,secondary,yes,no,,22,march,89,11208.6,28980
10024234,46,technician,married,secondary,no,no,,21,april,51,9264.6,52020
10024235,29,student,single,secondary,yes,no,,10,may,169,8530.2,19800
10024236,39,blue-collar,married,primary,yes,no,,22,june,148,0,44100
10024237,42,services,married,secondary,yes,no,,29,july,132,0,0
10024238,50,blue-collar,married,primary,yes,no,,7,august,117,0,28080
10024239,42,technician,single,secondary,yes,no,,15,september,275,0,0
10024240,39,admin.,married,secondary,yes,no,,3,october,124,2228.4,3600
10024241,55,technician,single,tertiary,yes,no,,29,november,118,4701.6,16560
10024242,46,services,married,secondary,yes,no,,28,december,479,6316.2,16020
10024243,42,blue-collar,married,secondary,yes,no,,10,january,285,6795,29880
10024244,45,management,married,tertiary,yes,no,,23,february,35,,18540
10024245,43,blue-collar,married,primary,yes,no,,9,march,322,,-81720
10024246,42,admin.,married,secondary,yes,no,,18,april,202,2192.4,80100
10024247,30,admin.,married,secondary,no,no,,21,may,172,3288.6,720
10024248,47,blue-collar,married,secondary,yes,no,,26,june,201,,180180
10024249,51,services,divorced,secondary,yes,no,,25,july,216,,-12420
10024250,38,technician,single,secondary,yes,no,,9,august,195,13541.4,7560
10024251,57,technician,married,,yes,no,,24,september,96,31062.6,291060
10024252,42,management,divorced,tertiary,yes,no,,6,october,720,11194.2,39780
10024253,32,technician,divorced,secondary,yes,yes,,5,november,188,0,37800
10024254,46,management,married,tertiary,no,no,,4,december,70,0,0
10024255,29,student,single,tertiary,yes,no,,7,january,141,20435.4,33300
10024256,59,retired,married,secondary,yes,no,,15,february,106,26065.8,150480
10024257,32,blue-collar,single,secondary,yes,no,,18,march,395,20219.4,54180
10024258,44,blue-collar,married,primary,yes,no,,23,april,629,23509.8,90540
10024259,40,retired,married,primary,yes,no,,17,may,502,7632,73260
10024260,31,blue-collar,single,secondary,yes,no,,24,june,446,18153,9540
10024261,46,self-employed,married,tertiary,yes,no,,10,july,241,29923.2,414540
10024262,43,management,married,tertiary,yes,no,,19,august,131,8928,25920
10024263,34,services,married,secondary,yes,no,,13,september,312,12992.4,36900
10024264,39,management,married,tertiary,yes,no,,27,october,275,14376.6,54900
10024265,30,blue-collar,divorced,secondary,yes,yes,,12,november,120,0,45180
10024266,56,retired,married,secondary,yes,no,,30,december,333,0,0
10024267,29,technician,married,secondary,no,no,,7,january,113,1733.4,1440
10024268,40,blue-collar,divorced,secondary,yes,no,,30,february,91,8310.6,25020
10024269,36,services,married,secondary,yes,no,,20,march,128,10873.8,33120
10024270,37,blue-collar,single,secondary,yes,no,,4,april,200,0,42840
10024271,35,admin.,married,secondary,no,no,,5,may,326,0,0
10024272,35,blue-collar,married,primary,yes,no,,16,june,292,0,0
10024273,47,services,married,primary,yes,no,,25,july,68,15753.6,39960
10024274,31,services,married,secondary,yes,no,,5,august,215,15787.8,74520
10024275,56,retired,single,primary,yes,no,,6,september,97,10891.8,40140
10024276,57,technician,married,secondary,no,no,,5,october,32,,35460
10024277,36,blue-collar,married,secondary,yes,no,,3,november,162,,-45180
10024278,45,self-employed,divorced,secondary,yes,no,,9,december,152,,-25020
10024279,47,blue-collar,married,,yes,no,,9,january,268,0,131940
10024280,29,technician,single,tertiary,yes,no,,24,february,104,0,0
10024281,57,services,married,secondary,no,no,,6,march,852,511.2,180
10024282,45,blue-collar,married,primary,yes,no,,12,april,923,10674,17460
10024283,31,blue-collar,single,primary,yes,no,,16,may,159,0,78300
10024284,31,management,divorced,tertiary,yes,no,,4,june,953,0,0
10024285,37,technician,single,tertiary,no,no,,18,july,416,1090.8,26460
10024286,30,technician,single,tertiary,yes,no,,15,august,174,2997,540
10024287,58,services,divorced,secondary,yes,yes,,29,september,180,34781.4,199620
10024288,33,services,married,secondary,yes,no,,1,october,139,32711.4,72720
10024289,39,blue-collar,married,primary,yes,no,,1,november,294,15863.4,176580
10024290,33,blue-collar,single,primary,yes,no,,12,december,102,8802,17100
10024291,34,services,married,secondary,yes,no,,28,january,124,,54360
10024292,36,services,divorced,secondary,yes,yes,,20,february,128,,-52200
10024293,37,services,single,secondary,yes,no,,12,march,130,19197,46620
10024294,35,blue-collar,married,secondary,yes,yes,,10,april,143,12047.4,94860
10024295,55,retired,married,secondary,yes,no,,6,may,74,15496.2,18360
10024296,34,management,single,tertiary,yes,no,,17,june,105,33966,156960
10024297,40,management,divorced,tertiary,yes,no,,9,july,477,5013,88200
10024298,42,blue-collar,single,primary,yes,no,,20,august,158,905.4,3420
10024299,37,blue-collar,married,secondary,yes,no,,18,september,250,4084.2,2880
10024300,42,management,married,tertiary,yes,no,,5,october,168,23700.6,69480
10024301,35,technician,single,secondary,yes,no,,28,november,520,,97020
10024302,44,technician,divorced,secondary,yes,no,,16,december,171,,-59220
10024303,30,services,single,secondary,yes,no,,9,january,113,,-31320
10024304,45,entrepreneur,married,secondary,yes,no,,4,february,254,,12240
10024305,35,blue-collar,single,,yes,no,,22,march,149,,-95760
10024306,36,admin.,divorced,secondary,yes,no,,17,april,133,,0
10024307,49,blue-collar,married,secondary,yes,no,,20,may,293,15636.6,11520
10024308,31,blue-collar,single,secondary,yes,no,,29,june,485,23698.8,254700
10024309,31,technician,single,secondary,yes,no,,29,july,374,5346,26460
10024310,39,blue-collar,married,secondary,yes,no,,12,august,425,,12960
10024311,37,services,single,secondary,yes,no,,30,september,207,,-35280
10024312,33,blue-collar,married,primary,yes,no,,9,october,83,,128880
10024313,37,management,married,tertiary,yes,no,,6,november,228,,0
10024314,42,services,married,secondary,yes,no,,3,december,149,,-44280
10024315,56,blue-collar,married,secondary,yes,no,,13,january,139,,-36540
10024316,37,admin.,single,secondary,yes,yes,,9,february,732,15040.8,44100
10024317,36,services,single,secondary,yes,no,,7,march,142,1665,61560
10024318,29,technician,single,tertiary,yes,no,,26,april,359,,540
10024319,54,management,married,tertiary,yes,yes,,18,may,112,,-44640
10024320,38,blue-collar,married,secondary,yes,no,,4,june,1521,19380.6,67680
10024321,43,blue-collar,divorced,secondary,yes,no,,30,july,216,24359.4,66600
10024322,47,admin.,single,secondary,yes,no,,27,august,161,24913.8,106920
10024323,47,blue-collar,married,secondary,yes,no,,24,september,122,14742,69660
10024324,38,services,married,secondary,yes,no,,1,october,800,17782.2,37440
10024325,40,blue-collar,married,secondary,yes,no,,26,november,615,24409.8,101340
10024326,33,services,divorced,secondary,yes,yes,,10,december,254,13215.6,70560
10024327,33,retired,married,secondary,no,no,,6,january,111,10252.8,29700
10024328,53,admin.,divorced,,yes,no,,13,february,354,5756.4,42480
10024329,37,services,married,primary,yes,no,,3,march,359,13327.2,9360
10024330,40,management,single,tertiary,yes,no,,10,april,97,48650.4,227700
10024331,37,blue-collar,married,primary,yes,no,,11,may,327,14859,124740
10024332,35,technician,married,secondary,yes,no,,2,june,236,34142.4,21240
10024333,49,blue-collar,married,primary,yes,no,,11,july,160,15399,658620
10024334,26,blue-collar,single,secondary,yes,no,,10,august,180,6604.2,4320
10024335,38,management,single,tertiary,yes,no,,22,september,184,22273.2,121140
10024336,52,self-employed,married,secondary,no,no,,2,october,227,15525,49140
10024337,33,services,divorced,secondary,yes,no,,13,november,109,16246.8,58860
10024338,31,admin.,single,secondary,yes,no,,5,december,492,0,53820
10024339,32,blue-collar,married,secondary,yes,no,,12,january,298,0,0
10024340,35,blue-collar,single,primary,yes,no,,25,february,83,12745.8,19620
10024341,55,management,divorced,tertiary,no,no,,21,march,241,26551.8,99360
10024342,32,blue-collar,divorced,primary,yes,no,,26,april,204,22993.2,85140
10024343,37,,single,,yes,no,,9,may,131,13120.2,74520
10024344,45,blue-collar,married,secondary,yes,no,,4,june,1138,11959.2,27720
10024345,31,technician,married,secondary,yes,no,,23,july,123,2725.2,61920
10024346,38,admin.,married,secondary,yes,no,,29,august,125,1297.8,1440
10024347,37,services,married,secondary,yes,no,,19,september,295,7484.4,14040
10024348,38,blue-collar,married,secondary,yes,no,,29,october,287,8389.8,47880
10024349,33,housemaid,married,tertiary,yes,yes,,12,november,109,4687.2,17640
10024350,38,blue-collar,married,primary,yes,no,,18,december,140,3175.2,14940
10024351,37,management,single,tertiary,yes,no,,13,january,204,986.4,8100
10024352,29,unemployed,married,tertiary,yes,no,,28,february,233,2383.2,1440
10024353,42,management,married,tertiary,yes,no,,23,march,254,14740.2,47340
10024354,40,blue-collar,married,secondary,yes,no,,14,april,184,13874.4,55080
10024355,32,management,married,tertiary,yes,no,,20,may,193,16768.8,41940
10024356,47,management,divorced,tertiary,no,yes,,8,june,126,32441.4,80460
10024357,29,student,single,secondary,yes,no,,10,july,230,,156960
10024358,53,services,divorced,primary,yes,yes,,7,august,591,,-52380
10024359,31,services,married,tertiary,yes,yes,,2,september,294,12981.6,55620
10024360,59,blue-collar,married,secondary,yes,no,,13,october,173,5526,36360
10024361,29,entrepreneur,married,primary,yes,yes,,23,november,336,5884.2,10080
10024362,59,blue-collar,married,primary,yes,yes,,21,december,19,9403.2,41220
10024363,44,blue-collar,married,primary,yes,no,,9,january,153,6213.6,25740
10024364,38,admin.,single,secondary,yes,no,,13,february,786,9381.6,18000
10024365,49,admin.,married,secondary,yes,no,,26,march,99,12124.8,58680
10024366,43,blue-collar,married,secondary,yes,no,,23,april,243,15676.2,30060
10024367,52,admin.,single,secondary,yes,no,,30,may,260,55589.4,98100
10024368,40,admin.,married,secondary,yes,yes,,8,june,164,0,378000
10024369,32,services,married,secondary,yes,yes,,12,july,255,0,0
10024370,47,admin.,married,primary,yes,no,,10,august,47,15138,34560
10024371,33,management,married,tertiary,yes,no,,4,september,463,17850.6,79560
10024372,35,management,married,tertiary,yes,no,,28,october,192,0,48060
10024373,27,services,single,secondary,yes,no,,12,november,388,0,0
10024374,50,blue-collar,married,primary,yes,no,,18,december,221,88093.8,67860
10024375,44,retired,married,secondary,no,no,,21,january,126,36858.6,0.0988766
10024376,43,self-employed,married,primary,yes,no,,3,february,175,2568.6,11880
10024377,51,blue-collar,married,,yes,no,,29,march,256,2529,6660
10024378,32,admin.,single,secondary,yes,no,,25,april,202,2424.6,11520
10024379,47,management,divorced,tertiary,yes,no,,19,may,104,7587,6120
10024380,34,admin.,divorced,secondary,yes,no,,12,june,283,41410.8,112860
10024381,57,self-employed,married,primary,yes,no,,27,july,448,19567.8,182340
10024382,43,admin.,single,secondary,yes,no,,26,august,127,57749.4,25200
10024383,40,services,single,tertiary,yes,no,,30,september,378,48070.8,1588140
10024384,28,blue-collar,single,secondary,yes,no,,28,october,67,1144.8,17460
10024385,38,blue-collar,married,,yes,no,,25,november,221,999,900
10024386,37,unemployed,divorced,secondary,yes,no,,16,december,150,108153,13320
10024387,44,admin.,married,secondary,yes,no,,13,january,144,163443.6,10537920
10024388,41,technician,married,secondary,yes,no,,29,february,296,14234.4,30420
10024389,37,self-employed,married,tertiary,yes,no,,20,march,401,25489.8,79920
10024390,30,services,single,tertiary,yes,no,,20,april,435,,97560
10024391,32,blue-collar,married,secondary,yes,no,,29,may,388,,-36900
10024392,30,management,single,tertiary,yes,no,,24,june,245,3434.4,20160
10024393,35,services,married,secondary,no,no,,29,july,143,11556,7020
10024394,55,blue-collar,married,secondary,yes,no,,22,august,223,,228240
10024395,52,blue-collar,married,secondary,yes,no,,20,september,423,,-17640
10024396,33,admin.,married,secondary,yes,yes,,4,october,231,,7920
10024397,55,retired,married,primary,yes,yes,,23,november,634,,-16200
10024398,33,blue-collar,married,secondary,no,no,,10,december,107,,0
10024399,40,blue-collar,married,secondary,yes,yes,,27,january,227,,-16920
10024400,39,blue-collar,married,secondary,yes,no,,23,february,69,,-62100
10024401,54,blue-collar,married,secondary,yes,no,,29,march,799,,-167760
10024402,39,blue-collar,married,primary,yes,no,,12,april,109,2205,3600
10024403,49,blue-collar,married,secondary,yes,no,,3,may,127,2745,16200
10024404,52,admin.,married,secondary,yes,no,,17,june,120,3349.8,5580
10024405,27,management,single,tertiary,yes,yes,,23,july,68,0,24120
10024406,26,services,married,secondary,yes,no,,21,august,180,0,0
10024407,40,blue-collar,married,secondary,yes,no,,14,september,112,,10980
10024408,47,blue-collar,married,secondary,yes,no,,7,october,444,,-900
10024409,31,services,single,secondary,no,no,,27,november,246,,-8100
10024410,53,blue-collar,single,secondary,yes,yes,,9,december,259,15413.4,28080
10024411,31,services,married,secondary,yes,no,,23,january,223,,101520
10024412,33,admin.,married,secondary,yes,no,,24,february,566,,-1080
10024413,35,services,married,secondary,no,no,,7,march,274,45948.6,95040
10024414,46,entrepreneur,married,,yes,no,,13,april,49,89852.4,266580
10024415,31,management,married,secondary,no,no,,21,may,380,100558.8,363420
10024416,35,technician,single,secondary,yes,no,,23,june,138,27133.2,333900
10024417,29,management,married,secondary,yes,yes,,8,july,376,9343.8,26460
10024418,51,technician,married,secondary,yes,no,,22,august,421,10845,39600
10024419,33,blue-collar,married,primary,yes,no,,2,september,121,7840.8,35640
10024420,37,management,married,tertiary,no,no,,10,october,36,5196.6,20700
10024421,43,admin.,single,,yes,no,,25,november,328,12299.4,15660
10024422,42,technician,married,tertiary,yes,no,,28,december,19,19780.2,115920
10024423,28,blue-collar,married,secondary,yes,yes,,11,january,866,17463.6,40500
10024424,57,retired,married,secondary,yes,no,,19,february,229,,90360
10024425,38,services,married,secondary,yes,no,,11,march,154,,-5760
10024426,39,blue-collar,married,primary,yes,no,,7,april,56,9280.8,19080
10024427,36,technician,married,tertiary,yes,no,,20,may,1581,27135,54180
10024428,57,retired,married,tertiary,yes,no,,16,june,117,21387.6,163080
10024429,44,management,married,,yes,no,,18,july,185,20741.4,33660
10024430,48,services,divorced,secondary,yes,yes,,28,august,202,18136.8,153360
10024431,46,blue-collar,married,primary,yes,no,,19,september,279,5236.2,25740
10024432,43,admin.,married,secondary,no,no,,12,october,180,16934.4,12780
10024433,49,services,married,secondary,yes,no,,17,november,218,53287.2,269280
10024434,29,services,single,secondary,yes,no,,8,december,129,37274.4,126540
10024435,53,blue-collar,married,secondary,yes,no,,4,january,530,6442.2,131760
10024436,30,services,single,secondary,yes,no,,15,february,104,3956.4,3780
10024437,41,management,divorced,secondary,yes,no,,27,march,60,0,49680
10024438,33,technician,married,secondary,yes,no,,6,april,432,0,0
10024439,47,blue-collar,married,primary,yes,no,,9,may,113,19949.4,99000
10024440,58,retired,married,secondary,yes,no,,24,june,516,,48240
10024441,31,unemployed,married,secondary,yes,no,,5,july,179,,-148500
10024442,38,admin.,single,secondary,yes,yes,,21,august,125,3942,24660
10024443,60,retired,married,secondary,yes,yes,,30,september,386,2475,7560
10024444,33,management,single,tertiary,no,no,,14,october,262,15816.6,9720
10024445,33,unemployed,single,tertiary,yes,no,,1,november,396,35368.2,308880
10024446,52,admin.,married,primary,yes,no,,1,december,294,24195.6,48600
10024447,42,blue-collar,married,primary,yes,no,,7,january,171,14871.6,144540
10024448,30,technician,single,secondary,yes,no,,24,february,614,7194.6,18360
10024449,33,entrepreneur,divorced,tertiary,yes,no,,27,march,118,10251,33840
10024450,46,admin.,divorced,secondary,yes,no,,9,april,485,28623.6,37260
10024451,51,blue-collar,married,primary,yes,no,,1,may,406,37220.4,263880
10024452,40,unemployed,single,secondary,yes,no,,27,june,287,12258,63000
10024453,50,admin.,married,secondary,yes,no,,8,july,216,8209.8,28620
10024454,42,entrepreneur,married,tertiary,yes,yes,,20,august,650,0,28260
10024455,38,technician,married,secondary,no,no,,24,september,55,0,0
10024456,36,admin.,single,primary,yes,no,,22,october,371,14443.2,16380
10024457,37,unemployed,divorced,primary,yes,no,,5,november,166,31613.4,152820
10024458,33,management,married,tertiary,yes,no,,28,december,48,,78480
10024459,38,blue-collar,single,secondary,yes,no,,8,january,72,,-180
10024460,52,blue-collar,married,tertiary,yes,no,,21,february,55,15843.6,53460
10024461,29,blue-collar,married,secondary,yes,yes,,16,march,144,16185.6,56340
10024462,37,blue-collar,married,primary,yes,no,,7,april,474,19938.6,55800
10024463,34,admin.,married,secondary,yes,no,,9,may,559,8845.2,85500
10024464,43,blue-collar,married,primary,yes,no,,28,june,261,15058.8,10980
10024465,49,services,married,secondary,yes,no,,28,july,1101,14428.8,247860
10024466,33,technician,single,secondary,no,no,,13,august,236,0,10080
10024467,47,admin.,married,,yes,no,,19,september,164,0,0
10024468,50,technician,married,secondary,no,no,,24,october,93,11404.8,13140
10024469,30,blue-collar,single,primary,yes,no,,25,november,912,,118800
10024470,44,services,married,primary,yes,no,,17,december,179,,-14220
10024471,44,blue-collar,divorced,secondary,yes,no,,21,january,485,22699.8,100440
10024472,30,services,single,secondary,yes,no,,17,february,206,,61560
10024473,40,blue-collar,married,,yes,no,,9,march,311,,-720
10024474,41,blue-collar,married,,yes,no,,18,april,690,12735,40500
10024475,34,blue-collar,married,primary,yes,no,,19,may,362,5758.2,48060
10024476,53,services,married,primary,yes,no,,15,june,274,8803.8,8280
10024477,35,blue-collar,married,primary,yes,no,,29,july,163,43185.6,112320
10024478,34,technician,divorced,secondary,yes,yes,,2,august,345,41383.8,199260
10024479,39,admin.,single,secondary,yes,no,,29,september,329,25063.2,103140
10024480,39,management,single,tertiary,yes,no,,24,october,68,15528.6,73080
10024481,52,services,divorced,secondary,yes,no,,5,november,143,37026,39600
10024482,34,blue-collar,married,secondary,yes,no,,18,december,1062,29431.8,415440
10024483,37,blue-collar,divorced,primary,yes,no,,5,january,71,11736,25020
10024484,39,admin.,married,secondary,yes,no,,13,february,106,16597.8,66060
10024485,52,entrepreneur,divorced,primary,yes,no,,19,march,688,13111.2,50040
10024486,35,blue-collar,married,primary,yes,no,,23,april,103,32630.4,41220
10024487,36,entrepreneur,married,tertiary,yes,no,,6,may,349,,309960
10024488,48,technician,married,secondary,yes,no,,16,june,78,,-90000
10024489,31,admin.,divorced,secondary,yes,no,,9,july,194,29210.4,55440
10024490,43,technician,divorced,tertiary,yes,yes,,22,august,224,38962.8,184680
10024491,43,blue-collar,single,primary,yes,no,,27,september,98,22950,98640
10024492,39,blue-collar,married,secondary,yes,yes,,13,october,607,12555,64080
10024493,40,technician,married,primary,yes,no,,15,november,398,9666,29520
10024494,58,management,married,tertiary,no,no,,14,december,103,3290.4,37980
10024495,31,blue-collar,married,primary,yes,no,,19,january,241,2354.4,3420
10024496,41,blue-collar,married,secondary,yes,yes,,4,february,203,9477,19440
10024497,37,management,married,tertiary,yes,no,,8,march,96,2412,55440
10024498,44,services,divorced,secondary,yes,yes,,5,april,238,550.8,1260
10024499,37,technician,married,tertiary,yes,yes,,16,may,153,6120,2880
10024500,39,blue-collar,married,primary,yes,no,,4,june,481,25464.6,156060
10024501,41,blue-collar,single,secondary,yes,no,,3,july,2177,12106.8,49860
10024502,52,blue-collar,divorced,primary,yes,no,,20,august,119,13897.8,35280
10024503,29,blue-collar,single,primary,yes,yes,,5,september,245,35929.8,65700
10024504,60,blue-collar,divorced,secondary,no,no,,12,october,152,25650,235800
10024505,32,technician,married,secondary,no,no,,4,november,418,8622,33480
10024506,50,services,single,primary,yes,no,,16,december,198,18559.8,26640
10024507,56,blue-collar,married,primary,yes,yes,,22,january,198,28906.2,155160
10024508,48,admin.,married,secondary,yes,no,,23,february,374,13570.2,64620
10024509,29,blue-collar,married,primary,no,no,,18,march,51,1432.8,34200
10024510,40,blue-collar,married,secondary,yes,yes,,21,april,263,0,720
10024511,42,admin.,divorced,secondary,yes,no,,14,may,229,0,0
10024512,34,blue-collar,married,secondary,yes,no,,18,june,154,17188.2,7560
10024513,23,management,single,tertiary,yes,no,,17,july,278,20543.4,468900
10024514,30,technician,single,tertiary,yes,yes,,17,august,306,3985.2,10800
10024515,51,management,married,primary,yes,no,,18,september,114,,17640
10024516,52,technician,single,secondary,yes,no,,27,october,94,,-32580
10024517,45,technician,married,secondary,yes,no,,1,november,208,,21240
10024518,41,blue-collar,married,secondary,yes,no,,12,december,169,,-2700
10024519,27,student,single,secondary,yes,no,,23,january,332,53110.8,120780
10024520,50,blue-collar,married,secondary,yes,no,,29,february,263,,280260
10024521,36,blue-collar,married,primary,yes,no,,16,march,353,,-3600
10024522,46,blue-collar,married,primary,yes,no,,1,april,108,,58140
10024523,44,blue-collar,married,primary,yes,no,,13,may,441,,-30780
10024524,47,blue-collar,married,secondary,yes,no,,22,june,46,19332,78840
10024525,40,blue-collar,married,secondary,yes,no,,9,july,266,12184.2,56880
10024526,36,services,single,secondary,yes,no,,20,august,223,14410.8,31320
10024527,46,blue-collar,married,secondary,yes,no,,8,september,105,30627,79560
10024528,58,technician,married,secondary,yes,no,,24,october,165,,141480
10024529,30,technician,divorced,tertiary,yes,no,,28,november,381,,-57060
10024530,43,blue-collar,married,secondary,yes,no,,13,december,228,,120060
10024531,29,services,single,secondary,yes,no,,19,january,128,,-28440
10024532,41,management,married,tertiary,yes,no,,2,february,764,3357,12960
10024533,44,entrepreneur,married,primary,yes,no,,16,march,113,7875,10440
10024534,44,services,divorced,secondary,yes,yes,,30,april,396,3270.6,71280
10024535,59,blue-collar,married,primary,yes,no,,22,may,133,8829,1800
10024536,39,management,single,,yes,no,,15,june,42,0,519660
10024537,42,management,married,secondary,no,no,,30,july,234,0,0
10024538,31,admin.,married,secondary,no,no,,5,august,297,3466.8,16020
10024539,29,,single,primary,yes,no,,23,september,50,1978.2,9000
10024540,39,blue-collar,single,secondary,yes,no,,20,october,214,5734.8,5220
10024541,44,blue-collar,married,primary,yes,no,,29,november,110,11370.6,75600
10024542,49,services,single,primary,yes,no,,22,december,99,10600.2,20520
10024543,39,housemaid,married,secondary,yes,no,,8,january,274,0,65700
10024544,27,blue-collar,single,secondary,yes,no,,7,february,191,0,0
10024545,56,management,married,primary,yes,no,,2,march,305,0,-4320
10024546,43,technician,married,tertiary,yes,no,,2,april,134,0,133740
10024547,37,self-employed,married,primary,no,no,,13,may,112,0,0
10024548,54,technician,single,secondary,yes,no,,30,june,283,2424.6,17820
10024549,38,blue-collar,married,secondary,yes,yes,,2,july,353,3861,3960
10024550,31,blue-collar,married,primary,yes,no,,8,august,212,20415.6,45180
10024551,34,blue-collar,married,secondary,yes,no,,22,september,225,15028.2,110700
10024552,35,admin.,married,primary,yes,no,,17,october,283,28207.8,24480
10024553,44,blue-collar,single,,yes,no,,9,november,1273,42519.6,390060
10024554,30,blue-collar,married,secondary,yes,no,,3,december,1574,13579.2,55620
10024555,51,technician,married,secondary,yes,no,,16,january,139,13840.2,39780
10024556,37,blue-collar,married,primary,yes,no,,8,february,228,,57780
10024557,39,blue-collar,married,tertiary,yes,no,,20,march,62,,-5940
10024558,33,management,single,tertiary,yes,no,,14,april,256,2935.8,13680
10024559,37,management,divorced,tertiary,yes,no,,24,may,564,2935.8,7560
10024560,46,blue-collar,single,secondary,yes,no,,26,june,245,16288.2,13680
10024561,32,admin.,married,secondary,yes,no,,21,july,161,42852.6,232740
10024562,43,entrepreneur,married,primary,yes,no,,18,august,79,35211.6,94680
10024563,59,housemaid,divorced,,yes,no,,6,september,152,9709.2,157140
10024564,46,admin.,married,primary,yes,no,,9,october,591,3555,7200
10024565,47,blue-collar,married,primary,yes,no,,21,november,113,14558.4,21060
10024566,31,services,single,secondary,yes,no,,21,december,193,16207.2,120780
10024567,30,blue-collar,married,primary,yes,no,,15,january,299,26598.6,26100
10024568,38,blue-collar,married,primary,no,no,,21,february,348,,325260
10024569,44,blue-collar,single,secondary,yes,yes,,22,march,103,,-38160
10024570,52,technician,married,,yes,no,,7,april,253,14256,23940
10024571,29,services,single,secondary,no,no,,20,may,127,54225,101880
10024572,43,admin.,married,tertiary,yes,no,,11,june,244,27444.6,346320
10024573,47,technician,married,primary,yes,no,,12,july,157,13807.8,26100
10024574,43,blue-collar,married,primary,yes,no,,9,august,548,,87660
10024575,52,blue-collar,divorced,primary,yes,no,,22,september,114,,-10260
10024576,32,services,single,secondary,yes,no,,27,october,126,,14580
10024577,40,admin.,single,secondary,yes,no,,15,november,161,,-40860
10024578,57,technician,divorced,secondary,yes,yes,,11,december,333,26778.6,487800
10024579,30,services,divorced,secondary,yes,no,,20,january,155,18039.6,17640
10024580,48,blue-collar,married,secondary,yes,yes,,14,february,152,16093.8,221400
10024581,46,blue-collar,married,secondary,yes,yes,,3,march,145,5371.2,14040
10024582,59,retired,divorced,primary,yes,yes,,26,april,66,11442.6,24660
10024583,50,blue-collar,married,primary,yes,no,,11,may,123,11934,63720
10024584,50,blue-collar,divorced,primary,yes,no,,23,june,74,7119,26820
